{"cameraMode":{"drawMode":0,"name":"Shaded","section":"Shading Mode"},"sceneLighting":true,"audioPlay":false,"sceneViewState":{"m_AlwaysRefresh":false,"showFog":true,"showSkybox":true,"showFlares":true,"showImageEffects":true,"showParticleSystems":true,"showVisualEffectGraphs":true,"m_FxEnabled":true},"in2DMode":false,"pivot":{"x":-4.6303911209106449,"y":1.6407463550567628,"z":9.242557525634766},"rotation":{"x":0.17977149784564973,"y":-0.0689968392252922,"z":0.012648907490074635,"w":0.9812383055686951},"size":13.002408027648926,"orthographic":false}